t,error
1.000000000000000021e-08,8.868865382838627743e-15
1.202264434617413033e-08,8.545154713506783505e-13
1.445439770745927916e-08,3.768792721204666438e-13
1.737800828749376318e-08,1.716214814786054548e-13
2.089296130854040800e-08,3.127942877492200413e-13
2.511886431509582074e-08,2.506309647490082243e-14
3.019951720402019445e-08,5.802979319141598721e-13
3.630780547701017500e-08,4.396446708512075866e-13
4.365158322401656592e-08,6.141982762289700261e-13
5.248074602497723178e-08,9.368047836922014228e-13
6.309573444801929638e-08,1.145570810021635214e-12
7.585775750291835657e-08,1.595557066109218466e-12
9.120108393559096371e-08,1.388031720489605334e-12
1.096478196143185152e-07,2.551679582199131843e-12
1.318256738556407445e-07,4.000161549622246928e-12
1.584893192461114080e-07,5.220970218520115322e-12
1.905460717963248274e-07,7.914728727976134666e-12
2.290867652767774782e-07,1.056251794030380314e-11
2.754228703338163154e-07,1.529287466823516742e-11
3.311311214825907925e-07,2.257438003990311619e-11
3.981071705534969225e-07,3.278422681543362565e-11
4.786300923226379810e-07,4.735908724307568395e-11
5.754399373371566533e-07,6.891975763690088436e-11
6.918309709189362969e-07,9.915303142238676443e-11
8.317637711026708743e-07,1.427939229380249418e-10
9.999999999999999547e-07,2.068874364901697460e-10
1.202264434617413179e-06,2.982733073507800757e-10
1.445439770745927936e-06,4.310443857282028526e-10
1.737800828749376344e-06,6.235768692519085520e-10
2.089296130854040654e-06,9.007563636694178831e-10
2.511886431509582273e-06,1.302174238480369260e-09
3.019951720402019286e-06,1.881566670244654797e-09
3.630780547701017474e-06,2.719697879706157832e-09
4.365158322401665089e-06,3.931319783770468191e-09
5.248074602497734110e-06,5.682525420889648557e-09
6.309573444801943191e-06,8.213607400448484641e-09
7.585775750291835657e-06,1.187248322340162497e-08
9.120108393559096371e-06,1.716045126308528117e-08
1.096478196143185184e-05,2.480424894849681504e-08
1.318256738556407435e-05,3.585348387212701493e-08
1.584893192461114123e-05,5.182350991739313566e-08
1.905460717963248412e-05,7.490801510968893989e-08
2.290867652767770155e-05,1.082752179433986960e-07
2.754228703338163281e-05,1.565044561648454985e-07
3.311311214825907629e-05,2.262173250841244612e-07
3.981071705534969458e-05,3.269835031998163249e-07
4.786300923226380360e-05,4.726350077457726687e-07
5.754399373371566406e-05,6.831654059083914349e-07
6.918309709189362545e-05,9.874738599117407686e-07
8.317637711026709040e-05,1.427334025597354686e-06
1.000000000000000048e-04,2.063125988758119506e-06
1.202264434617413111e-04,2.982123984992309657e-06
1.445439770745927987e-04,4.310480409385223852e-06
1.737800828749376319e-04,6.230540295160038461e-06
2.089296130854040908e-04,9.005869932993994242e-06
2.511886431509582256e-04,1.301744220805634705e-05
3.019951720402019066e-04,1.881592874564087456e-05
3.630780547701017795e-04,2.719729167827405342e-05
4.365158322401656212e-04,3.931204735769296826e-05
5.248074602497722861e-04,5.682319558902772932e-05
6.309573444801929842e-04,8.213450672361552463e-05
7.585775750291835285e-04,1.187204832926638115e-04
9.120108393559096371e-04,1.716033080539688255e-04
1.096478196143185150e-03,2.480422454152267364e-04
1.318256738556407509e-03,3.585301262695496372e-04
1.584893192461114082e-03,5.182136684876541277e-04
1.905460717963248195e-03,7.489812913833403252e-04
2.290867652767774546e-03,1.082505720308230696e-03
2.754228703338169014e-03,1.564557181095799221e-03
3.311311214825914378e-03,2.261351435148321876e-03
3.981071705534977752e-03,3.268590547473672336e-03
4.786300923226380170e-03,4.724577385032763255e-03
5.754399373371566623e-03,6.829226202397925549e-03
6.918309709189362708e-03,9.871361091527239284e-03
8.317637711026708985e-03,1.426847119799863617e-02
1.000000000000000021e-02,2.062481370596344621e-02
1.202264434617413176e-02,2.981382675779684077e-02
1.445439770745927943e-02,4.309300078888733676e-02
1.737800828749376178e-02,6.228523466887556093e-02
2.089296130854041006e-02,9.003516728212757059e-02
2.511886431509582213e-02,1.301700477226095387e-01
3.019951720402019174e-02,1.882547926951008144e-01
3.630780547701017297e-02,2.723663425035080521e-01
4.365158322401665320e-02,3.942122896175056512e-01
5.248074602497723035e-02,5.707381230602118771e-01
6.309573444801930275e-02,8.264069878872998265e-01
7.585775750291835762e-02,1.196487617208774168e+00
9.120108393559096804e-02,1.731803422824683913e+00
1.096478196143185063e-01,2.506035495472925589e+00
1.318256738556407293e-01,3.625945146589071300e+00
1.584893192461114264e-01,5.246399246726890730e+00
1.905460717963248229e-01,7.588192130057693774e+00
2.290867652767774598e-01,1.096673842677391164e+01
2.754228703338169049e-01,1.583373977704470903e+01
3.311311214825914395e-01,2.284243125525913598e+01
3.981071705534977578e-01,3.292723999781092203e+01
4.786300923226380344e-01,4.744147134567957380e+01
5.754399373371565929e-01,6.838142769257856912e+01
6.918309709189363055e-01,9.855783278311035644e+01
8.317637711026708569e-01,1.419655009877020859e+02
1.000000000000000000e+00,2.043110339503901400e+02
