k,n_flat,n_quadratic,n_affine,lambda_max_active,alpha_times_lambda_max,stability_threshold
0,4197,380,8088,2.334848113604e+04,5.585155964839e-02,8.360905687516e+05
200,12174,49,442,2.277753345530e+03,5.448580406621e-03,8.360905687516e+05
400,12361,32,272,1.465915001299e+03,3.506593797578e-03,8.360905687516e+05
600,12433,38,194,1.743743492969e+03,4.171183262053e-03,8.360905687516e+05
800,12478,21,166,1.267450209652e+03,3.031849077176e-03,8.360905687516e+05
1000,12505,16,144,7.680915038669e+02,1.837340433139e-03,8.360905687516e+05
1200,12524,16,125,8.104768641591e+02,1.938729832509e-03,8.360905687516e+05
1400,12536,14,115,9.944841146003e+02,2.378890880411e-03,8.360905687516e+05
1600,12545,17,103,9.196045962063e+02,2.199772681516e-03,8.360905687516e+05
1800,12556,14,95,7.709607081558e+02,1.844203814682e-03,8.360905687516e+05
2000,12565,13,87,9.096265265027e+02,2.175904287166e-03,8.360905687516e+05
2200,12573,13,79,1.095944761444e+03,2.621593407232e-03,8.360905687516e+05
2400,12575,14,76,1.134067399191e+03,2.712786010454e-03,8.360905687516e+05
2600,12580,18,67,1.092213063339e+03,2.612666866867e-03,8.360905687516e+05
2800,12587,15,63,9.453895711770e+02,2.261452542369e-03,8.360905687516e+05
3000,12592,14,59,9.776543961245e+02,2.338632757416e-03,8.360905687516e+05
3200,12598,13,54,9.653770320675e+02,2.309264254730e-03,8.360905687516e+05
3400,12603,10,52,1.059775590629e+03,2.535073663638e-03,8.360905687516e+05
3600,12604,13,48,1.049263838212e+03,2.509928654689e-03,8.360905687516e+05
3800,12606,13,46,1.045079060807e+03,2.499918309970e-03,8.360905687516e+05
4000,12608,14,43,1.270283760861e+03,3.038627173508e-03,8.360905687516e+05
4200,12611,13,41,8.932738446335e+02,2.136787276448e-03,8.360905687516e+05
4400,12612,12,41,8.929524492235e+02,2.136018471197e-03,8.360905687516e+05
4600,12614,10,41,8.881550865735e+02,2.124542770288e-03,8.360905687516e+05
4800,12616,9,40,8.862626200212e+02,2.120015828774e-03,8.360905687516e+05
5000,12620,5,40,8.779423308904e+02,2.100112987045e-03,8.360905687516e+05
5200,12620,5,40,8.779423308904e+02,2.100112987045e-03,8.360905687516e+05
5400,12620,7,38,8.786630277211e+02,2.101836955374e-03,8.360905687516e+05
5600,12619,9,37,1.136336618479e+03,2.718214176668e-03,8.360905687516e+05
5800,12619,9,37,1.136336618479e+03,2.718214176668e-03,8.360905687516e+05
6000,12620,8,37,1.136330861430e+03,2.718200405314e-03,8.360905687516e+05
6200,12620,12,33,1.409708384247e+03,3.372142772407e-03,8.360905687516e+05
6400,12620,12,33,1.409708384247e+03,3.372142772407e-03,8.360905687516e+05
6600,12621,13,31,1.420217560157e+03,3.397281618134e-03,8.360905687516e+05
6800,12621,16,28,1.535188461076e+03,3.672301825791e-03,8.360905687516e+05
7000,12623,16,26,1.736913338063e+03,4.154844948572e-03,8.360905687516e+05
7200,12624,15,26,1.555853589809e+03,3.721734577469e-03,8.360905687516e+05
7400,12626,13,26,1.352241840429e+03,3.234677894878e-03,8.360905687516e+05
7600,12627,12,26,1.201258200820e+03,2.873512142623e-03,8.360905687516e+05
7800,12628,14,23,1.492976613604e+03,3.571327483896e-03,8.360905687516e+05
8000,12630,13,22,1.488899629946e+03,3.561574991018e-03,8.360905687516e+05
8200,12631,12,22,1.488822985416e+03,3.561391650761e-03,8.360905687516e+05
8400,12632,11,22,1.486352546464e+03,3.555482149937e-03,8.360905687516e+05
8600,12632,12,21,1.494107583070e+03,3.574032859386e-03,8.360905687516e+05
8800,12632,12,21,1.494107583070e+03,3.574032859386e-03,8.360905687516e+05
9000,12631,13,21,1.494504322213e+03,3.574981893277e-03,8.360905687516e+05
9200,12631,13,21,1.494504322213e+03,3.574981893277e-03,8.360905687516e+05
9400,12632,12,21,1.489579150566e+03,3.563200462338e-03,8.360905687516e+05
9600,12634,10,21,1.480984145454e+03,3.542640476533e-03,8.360905687516e+05
9800,12634,10,21,1.480984145454e+03,3.542640476533e-03,8.360905687516e+05
10000,12635,9,21,1.479544549073e+03,3.539196839123e-03,8.360905687516e+05
10200,12635,9,21,1.479544549073e+03,3.539196839123e-03,8.360905687516e+05
10400,12635,11,19,1.484458038686e+03,3.550950325639e-03,8.360905687516e+05
10600,12635,11,19,1.484458038686e+03,3.550950325639e-03,8.360905687516e+05
10800,12636,10,19,1.483801757463e+03,3.549380444941e-03,8.360905687516e+05
11000,12637,10,18,1.478631090754e+03,3.537011768861e-03,8.360905687516e+05
11200,12637,11,17,1.502335936435e+03,3.593715782916e-03,8.360905687516e+05
11400,12637,11,17,1.502335936435e+03,3.593715782916e-03,8.360905687516e+05
11570,12637,11,17,1.502335936435e+03,3.593715782916e-03,8.360905687516e+05
